holiday_date,holiday_name
2021-01-01,New Year's Day
2021-04-01,Maundy Thursday
2021-04-02,Good Friday
2021-04-04,Easter Sunday
2021-04-05,Easter Monday
2021-05-01,Labor Day
2021-05-13,Ascension Day
2021-05-17,Constitution Day
2021-05-23,Pentecost
2021-05-24,Pentecost Monday
2021-12-25,Christmas Day
2021-12-26,Second Day of Christmas
2022-01-01,New Year's Day
2022-04-14,Maundy Thursday
2022-04-15,Good Friday
2022-04-17,Easter Sunday
2022-04-18,Easter Monday
2022-05-01,Labor Day
2022-05-17,Constitution Day
2022-05-26,Ascension Day
2022-06-05,Pentecost
2022-06-06,Pentecost Monday
2022-12-25,Christmas Day
2022-12-26,Second Day of Christmas
2023-01-01,New Year's Day
2023-04-06,Maundy Thursday
2023-04-07,Good Friday
2023-04-09,Easter Sunday
2023-04-10,Easter Monday
2023-05-01,Labor Day
2023-05-17,Constitution Day
2023-05-18,Ascension Day
2023-05-28,Pentecost
2023-05-29,Pentecost Monday
2023-12-25,Christmas Day
2023-12-26,Second Day of Christmas
2024-01-01,New Year's Day
2024-03-28,Maundy Thursday
2024-03-29,Good Friday
2024-03-31,Easter Sunday
2024-04-01,Easter Monday
2024-05-01,Labor Day
2024-05-09,Ascension Day
2024-05-17,Constitution Day
2024-05-19,Pentecost
2024-05-20,Pentecost Monday
2024-12-25,Christmas Day
2024-12-26,Second Day of Christmas
2025-01-01,New Year's Day
2025-04-17,Maundy Thursday
2025-04-18,Good Friday
2025-04-20,Easter Sunday
2025-04-21,Easter Monday
2025-05-01,Labor Day
2025-05-17,Constitution Day
2025-05-29,Ascension Day
2025-06-08,Pentecost
2025-06-09,Pentecost Monday
2025-12-25,Christmas Day
2025-12-26,Second Day of Christmas
2026-01-01,New Year's Day
2026-04-02,Maundy Thursday
2026-04-03,Good Friday
2026-04-05,Easter Sunday
2026-04-06,Easter Monday
2026-05-01,Labor Day
2026-05-14,Ascension Day
2026-05-17,Constitution Day
2026-05-24,Pentecost
2026-05-25,Pentecost Monday
2026-12-25,Christmas Day
2026-12-26,Second Day of Christmas
2027-01-01,New Year's Day
2027-03-25,Maundy Thursday
2027-03-26,Good Friday
2027-03-28,Easter Sunday
2027-03-29,Easter Monday
2027-05-01,Labor Day
2027-05-06,Ascension Day
2027-05-16,Pentecost
2027-05-17,Constitution Day; Pentecost Monday
2027-12-25,Christmas Day
2027-12-26,Second Day of Christmas
